Row,location,Extent_meters,VBRICH,VBRICH_Grass,VBRICH_Nongrass,VBRICH_unknown,Noncrop_perc,Noncrop_m2,Texture_Dis,Texture_Var
1,Allee ISRF 1,100,13,8,3,2,28.5541,897053.5079,0.117087558,0.086070467
2,Allee ISRF 1,1000,13,8,3,2,10.9464,34389129.82,0.214324406,0.43105588
3,Allee ISRF 1,200,13,8,3,2,18.3901,2310968.122,0.12785099,0.158447448
4,Allee ISRF 1,300,13,8,3,2,19.1481,5413997.726,0.236763237,0.258663049
5,Allee ISRF 1,400,13,8,3,2,16.1216,8103600.02,0.21619825,0.400262571
6,Allee ISRF 1,500,13,8,3,2,12.9862,10199337.63,0.187438985,0.429597735
7,Allee ISRF 1,600,13,8,3,2,12.3857,14007896.69,0.213286344,0.377237664
8,Allee ISRF 1,700,13,8,3,2,12.464,19186837.31,0.22224509,0.406186471
9,Allee ISRF 1,800,13,8,3,2,11.2322,22583678.08,0.228126222,0.402298661
10,Allee ISRF 1,900,13,8,3,2,10.8665,27651874.42,0.214249842,0.426707662
11,Collaborator 7,100,12,8,4,0,3.7183,116813.8396,0.681022556,0.372086163
12,Collaborator 7,1000,12,8,4,0,6.9718,21902555.66,0.226153684,0.422324007
13,Collaborator 7,200,12,8,4,0,2.2041,276975.3747,0.4825,0.471423632
14,Collaborator 7,300,12,8,4,0,2.1817,616861.1423,0.304735135,0.279894521
15,Collaborator 7,400,12,8,4,0,4.0173,2019315.227,0.230948082,0.143104347
16,Collaborator 7,500,12,8,4,0,4.0157,3153923.405,0.234461302,0.181910722
17,Collaborator 7,600,12,8,4,0,3.7437,4234024.95,0.240164332,0.239207882
18,Collaborator 7,700,12,8,4,0,3.8993,6002505.995,0.183284605,0.324392195
19,Collaborator 7,800,12,8,4,0,4.7717,9594072.106,0.242910833,0.339673718
20,Collaborator 7,900,12,8,4,0,6.6452,16909974.32,0.211421703,0.385309337
21,Collaborator 8,100,7,6,1,0,8.1972,257522.633,0.591567568,0.287360269
22,Collaborator 8,1000,7,6,1,0,13.8461,43498806.04,0.209770868,0.495704053
23,Collaborator 8,200,7,6,1,0,4.5537,572234.8187,0.574930362,0.314738457
24,Collaborator 8,300,7,6,1,0,3.2924,930904.1687,0.488571429,0.283153296
25,Collaborator 8,400,7,6,1,0,4.9517,2488995.895,0.292733068,0.198745028
26,Collaborator 8,500,7,6,1,0,8.3238,6537497.232,0.238365934,0.353078073
27,Collaborator 8,600,7,6,1,0,11.9458,13510381.51,0.247326821,0.487475376
28,Collaborator 8,700,7,6,1,0,14.1841,21834725.54,0.247209548,0.511678731
29,Collaborator 8,800,7,6,1,0,14.0989,28347520.42,0.246489601,0.490013204
30,Collaborator 8,900,7,6,1,0,14.5085,36919635.58,0.224257324,0.491030922
31,Collaborator 9,100,8,7,1,0,60.1878,1890855.503,0.178397319,0.679809927
32,Collaborator 9,1000,8,7,1,0,8.8086,27673033.05,0.199324424,0.489014464
33,Collaborator 9,200,8,7,1,0,24.7391,3108806.993,0.297473684,0.479898893
34,Collaborator 9,300,8,7,1,0,14.853,4199586.812,0.217059762,0.438003936
35,Collaborator 9,400,8,7,1,0,10.9776,5517943.602,0.239781563,0.470012856
36,Collaborator 9,500,8,7,1,0,11.6515,9151066.701,0.257031023,0.486777046
37,Collaborator 9,600,8,7,1,0,10.5072,11883363.24,0.259898139,0.508739045
38,Collaborator 9,700,8,7,1,0,9.0369,13911226.74,0.223811892,0.606696065
39,Collaborator 9,800,8,7,1,0,8.6411,17373962.42,0.220751827,0.553341464
40,Collaborator 9,900,8,7,1,0,8.4883,21600092.55,0.208934639,0.529934464
41,Collaborator 10,100,9,7,2,0,13.3128,418233.9468,0.503675676,0.458451647
42,Collaborator 10,1000,9,7,2,0,14.7532,46348544.74,0.244788484,0.624123691
43,Collaborator 10,200,9,7,2,0,5.4847,689227.7291,0.363156576,0.598182303
44,Collaborator 10,300,9,7,2,0,6.9362,1961164.347,0.394274247,0.623376069
45,Collaborator 10,400,9,7,2,0,5.0653,2546097.483,0.37555157,0.620967349
46,Collaborator 10,500,9,7,2,0,7.347,5770320.306,0.316494162,0.553832969
47,Collaborator 10,600,9,7,2,0,14.0317,15869478.83,0.269944627,0.505254145
48,Collaborator 10,700,9,7,2,0,15.6067,24024648.09,0.218794064,0.617464154
49,Collaborator 10,800,9,7,2,0,15.3271,30816963.05,0.229870146,0.621311676
50,Collaborator 10,900,9,7,2,0,14.0149,35663576.57,0.24207,0.627843501
51,Collaborator 11,100,13,9,4,1,30.503,958280.0071,0.661033113,0.249155383
52,Collaborator 11,1000,13,9,4,1,32.1481,100996234.8,0.267232102,0.517729241
53,Collaborator 11,200,13,9,4,1,27.9223,3508819.702,0.647295479,0.343060343
54,Collaborator 11,300,13,9,4,1,23.4027,6616957.535,0.610528022,0.321268813
55,Collaborator 11,400,13,9,4,1,24.9818,12557222.3,0.559747776,0.33234126
56,Collaborator 11,500,13,9,4,1,27.2602,21410111.01,0.490985181,0.386260628
57,Collaborator 11,600,13,9,4,1,28.9165,32703791.03,0.437539192,0.469230421
58,Collaborator 11,700,13,9,4,1,30.3228,46678324,0.379443541,0.455362505
59,Collaborator 11,800,13,9,4,1,32.255,64852525.47,0.34338085,0.44403227
60,Collaborator 11,900,13,9,4,1,32.4776,82645425.55,0.317565886,0.447755193
61,Collaborator 12,100,13,5,7,1,65.0892,2044837.525,0.323171034,0.760987727
62,Collaborator 12,1000,13,5,7,1,33.5455,105386296.4,0.250030363,0.544042491
63,Collaborator 12,200,13,5,7,1,44.6751,5614038.638,0.239812987,0.570243877
64,Collaborator 12,300,13,5,7,1,36.7835,10400289.6,0.241441917,0.590022501
65,Collaborator 12,400,13,5,7,1,34.2578,17219848.45,0.240037639,0.565781441
66,Collaborator 12,500,13,5,7,1,31.9827,25119153.84,0.289503027,0.570617109
67,Collaborator 12,600,13,5,7,1,31.4754,35597838.75,0.307966137,0.508729306
68,Collaborator 12,700,13,5,7,1,33.515,51592334.11,0.259445444,0.547144049
69,Collaborator 12,800,13,5,7,1,33.2809,66915219.8,0.250082668,0.543180583
70,Collaborator 12,900,13,5,7,1,33.618,85547390.08,0.244252008,0.537681154
71,Collaborator 13,100,24,10,14,2,80.0599,2515155.937,0.388834273,0.540626149
72,Collaborator 13,1000,24,10,14,2,67.6678,212584663.4,0.207385997,0.539695469
73,Collaborator 13,200,24,10,14,2,84.3356,10597924.06,0.247723183,0.574668321
74,Collaborator 13,300,24,10,14,2,89.6386,25344717.05,0.22702384,0.529164354
75,Collaborator 13,400,24,10,14,2,91.5262,46006086,0.248578382,0.573151447
76,Collaborator 13,500,24,10,14,2,91.0427,71504769.37,0.22972857,0.59364384
77,Collaborator 13,600,24,10,14,2,84.7591,95860283.72,0.210470535,0.55394541
78,Collaborator 13,700,24,10,14,2,77.7189,119638951.4,0.214117311,0.555570606
79,Collaborator 13,800,24,10,14,2,72.8395,146452504.4,0.216863095,0.553327121
80,Collaborator 13,900,24,10,14,2,69.2506,176221312.7,0.215534342,0.554703036
81,Collaborator 14,100,15,11,6,1,7.7064,242103.6963,0.763146067,0.623070244
82,Collaborator 14,1000,15,11,6,1,32.8426,103178070.9,0.262009748,0.60450084
83,Collaborator 14,200,15,11,6,1,9.8015,1231692.816,0.44540484,0.611220073
84,Collaborator 14,300,15,11,6,1,14.2587,4031552.445,0.464373846,0.537789944
85,Collaborator 14,400,15,11,6,1,15.7313,7907413.842,0.39249646,0.515934121
86,Collaborator 14,500,15,11,6,1,16.798,13193118.35,0.385368199,0.479802162
87,Collaborator 14,600,15,11,6,1,20.2247,22873596.82,0.356160141,0.52954565
88,Collaborator 14,700,15,11,6,1,23.7635,36581066.14,0.3164,0.565695279
89,Collaborator 14,800,15,11,6,1,28.5611,57425498.84,0.30048836,0.557257077
90,Collaborator 14,900,15,11,6,1,31.2693,79570676.56,0.29592732,0.531721977
91,Collaborator 15,100,13,9,3,1,12.0945,379959.9235,0.342723127,0.470548063
92,Collaborator 15,1000,13,9,3,1,7.7713,24414258.99,0.249831101,0.519261437
93,Collaborator 15,200,13,9,3,1,5.7516,722767.3723,0.403185893,0.369547067
94,Collaborator 15,300,13,9,3,1,3.4072,963363.104,0.410053706,0.368284694
95,Collaborator 15,400,13,9,3,1,4.9279,2477032.71,0.349930626,0.438891202
96,Collaborator 15,500,13,9,3,1,7.4213,5828675.39,0.324216471,0.428704471
97,Collaborator 15,600,13,9,3,1,9.1611,10360960.01,0.300925948,0.411074587
98,Collaborator 15,700,13,9,3,1,11.0582,17022776.34,0.306235063,0.378156334
99,Collaborator 15,800,13,9,3,1,9.9057,19916591.58,0.240114919,0.537358753
100,Collaborator 15,900,13,9,3,1,8.892,22627383.92,0.250451512,0.520510425
101,Collaborator 16,100,13,10,4,1,41.2319,1295338.341,0.319185532,0.512558833
102,Collaborator 16,1000,13,10,4,1,10.2937,32338612.3,0.180352177,0.648327068
103,Collaborator 16,200,13,10,4,1,21.2962,2676159.419,0.292690229,0.417888595
104,Collaborator 16,300,13,10,4,1,12.7032,3591745.182,0.273008482,0.389065138
105,Collaborator 16,400,13,10,4,1,8.9058,4476543.337,0.253119837,0.375021454
106,Collaborator 16,500,13,10,4,1,7.3072,5739061.46,0.258797134,0.330461004
107,Collaborator 16,600,13,10,4,1,7.3323,8292635.933,0.293222966,0.328970383
108,Collaborator 16,700,13,10,4,1,6.5284,10049691.01,0.299106748,0.312966235
109,Collaborator 16,800,13,10,4,1,7.0229,14120378.27,0.249435036,0.505157677
110,Collaborator 16,900,13,10,4,1,9.419,23968435.58,0.17485236,0.63659233
111,Armstrong ISRF 1,100,14,7,5,2,36.8084,1156369.99,0.222366643,0.762974217
112,Armstrong ISRF 1,1000,14,7,5,2,19.7641,62090751.36,0.172907708,0.513712625
113,Armstrong ISRF 1,200,14,7,5,2,11.7118,1471748.194,0.247675064,0.681574356
114,Armstrong ISRF 1,300,14,7,5,2,9.1321,2582040.444,0.261875238,0.636874497
115,Armstrong ISRF 1,400,14,7,5,2,11.403,5731772.965,0.341510894,0.525523169
116,Armstrong ISRF 1,500,14,7,5,2,15.1544,11902237.93,0.264738828,0.404798253
117,Armstrong ISRF 1,600,14,7,5,2,18.2942,20690252.76,0.267963136,0.38682839
118,Armstrong ISRF 1,700,14,7,5,2,20.0245,30825322.82,0.223558494,0.455193132
119,Armstrong ISRF 1,800,14,7,5,2,19.3306,38866477.41,0.209224583,0.469717081
120,Armstrong ISRF 1,900,14,7,5,2,20.3807,51862564.49,0.175370906,0.512107477
121,Collaborator 19,100,20,8,12,0,21.544,676824.7213,0.276114286,0.464122841
122,Collaborator 19,1000,20,8,12,0,28.9773,91034872.8,0.283502293,0.568085231
123,Collaborator 19,200,20,8,12,0,25.5517,3210921.32,0.387368421,0.471164383
124,Collaborator 19,300,20,8,12,0,27.6023,7804366.461,0.391092937,0.608427788
125,Collaborator 19,400,20,8,12,0,25.3357,12735111.84,0.328694918,0.60136018
126,Collaborator 19,500,20,8,12,0,19.96,15676547.34,0.344470588,0.587827344
127,Collaborator 19,600,20,8,12,0,17.2885,19552832.85,0.350350515,0.573209551
128,Collaborator 19,700,20,8,12,0,18.5743,28592913.37,0.362145192,0.5538297
129,Collaborator 19,800,20,8,12,0,21.5885,43406254.72,0.335722402,0.521992059
130,Collaborator 19,900,20,8,12,0,24.808,63128670.75,0.293489887,0.546318547
131,Collaborator 21,100,11,7,3,1,8.1957,257475.5091,0.411890526,0.613306303
132,Collaborator 21,1000,11,7,3,1,8.0632,25331289.88,0,1
133,Collaborator 21,200,11,7,3,1,5.2055,654142.4223,0.386706767,0.377420153
134,Collaborator 21,300,11,7,3,1,3.9398,1113952.206,0.40384387,0.419361403
135,Collaborator 21,400,11,7,3,1,6.0609,3046540.626,0.340818898,0.443052024
136,Collaborator 21,500,11,7,3,1,8.6222,6771860.044,0.228268764,0.69548704
137,Collaborator 21,600,11,7,3,1,7.382,8348845.309,0.245523055,0.716624905
138,Collaborator 21,700,11,7,3,1,6.5568,10093409.41,0,1
139,Collaborator 21,800,11,7,3,1,6.188,12441712.22,0,1
140,Collaborator 21,900,11,7,3,1,6.6502,16922697.77,0,1
141,Collaborator 23,100,12,7,5,1,9.1304,286839.9756,0.676682927,0.720471976
142,Collaborator 23,1000,12,7,5,1,6.6875,21009400.87,0.239197335,0.570315564
143,Collaborator 23,200,12,7,5,1,4.2556,534774.4679,0.586329114,0.652305911
144,Collaborator 23,300,12,7,5,1,2.7862,787779.4906,0.583916143,0.621397789
145,Collaborator 23,400,12,7,5,1,2.1535,1082467.165,0.375384615,0.48185248
146,Collaborator 23,500,12,7,5,1,2.5869,2031746.509,0.458320703,0.47779571
147,Collaborator 23,600,12,7,5,1,4.2034,4753933.402,0.436435374,0.451495552
148,Collaborator 23,700,12,7,5,1,5.312,8177188.686,0.402595236,0.485296064
149,Collaborator 23,800,12,7,5,1,5.8129,11687528.92,0.382016529,0.499136343
150,Collaborator 23,900,12,7,5,1,6.4728,16471269.75,0.178415376,0.66258646
151,Collaborator 22,100,13,7,5,1,16.1053,505962.9216,0.354436548,0.385811073
152,Collaborator 22,1000,13,7,5,1,7.8942,24800360.73,0.29276095,0.545033585
153,Collaborator 22,200,13,7,5,1,10.2331,1285929.271,0.418754717,0.532123209
154,Collaborator 22,300,13,7,5,1,8.7206,2465691.561,0.448404697,0.503859283
155,Collaborator 22,400,13,7,5,1,7.4088,3724069.064,0.420575095,0.529854138
156,Collaborator 22,500,13,7,5,1,6.5365,5133755.095,0.397234792,0.501856977
157,Collaborator 22,600,13,7,5,1,6.7525,7636897.582,0.398690259,0.493618354
158,Collaborator 22,700,13,7,5,1,6.9262,10662056.53,0.343915065,0.421042181
159,Collaborator 22,800,13,7,5,1,7.6042,15289151.27,0.288351314,0.561860745
160,Collaborator 22,900,13,7,5,1,7.7776,19791581.33,0.301713314,0.548433816
161,Northwest ISRF,100,12,8,3,1,29.8038,936313.9913,0.760794189,0.465350696
162,Northwest ISRF,1000,12,8,3,1,7.544,23700174.98,0.389828004,0.293724639
163,Northwest ISRF,200,12,8,3,1,18.3853,2310364.937,0.710071704,0.430831896
164,Northwest ISRF,300,12,8,3,1,13.5485,3830748.126,0.649724382,0.428480861
165,Northwest ISRF,400,12,8,3,1,11.1789,5619128.018,0.606243866,0.407002299
166,Northwest ISRF,500,12,8,3,1,9.8939,7770650.889,0.374484254,0.179002738
167,Northwest ISRF,600,12,8,3,1,8.4606,9568713.17,0.381982094,0.199966093
168,Northwest ISRF,700,12,8,3,1,7.48,11514565.39,0.361125772,0.230648165
169,Northwest ISRF,800,12,8,3,1,6.3008,12668510.07,0.368389924,0.234448202
170,Northwest ISRF,900,12,8,3,1,7.2325,18404470.78,0.383164993,0.257267136
171,Collaborator 24,100,15,7,8,1,27.6263,867905.8113,0.237931034,0.826690958
172,Collaborator 24,1000,15,7,8,1,7.2426,22753298.95,0.287775688,0.477832466
173,Collaborator 24,200,15,7,8,1,16.7171,2100732.742,0.252577959,0.84692723
174,Collaborator 24,300,15,7,8,1,11.5101,3254404.104,0.281261112,0.782014436
175,Collaborator 24,400,15,7,8,1,9.039,4543496.959,0.273568627,0.647810478
176,Collaborator 24,500,15,7,8,1,7.7777,6108591.295,0.281421927,0.586520968
177,Collaborator 24,600,15,7,8,1,6.0689,6863764.196,0.254395272,0.601902071
178,Collaborator 24,700,15,7,8,1,5.4594,8404093.357,0.248366848,0.556360125
179,Collaborator 24,800,15,7,8,1,5.0793,10212538.6,0.257397331,0.495229414
180,Collaborator 24,900,15,7,8,1,6.0002,15268649.23,0.287835832,0.488821375
181,Collaborator 25,100,14,9,5,0,50.8278,1596802.431,0.187631399,0.929065049
182,Collaborator 25,1000,14,9,5,0,18.9141,59420397.61,0.24991512,0.657373761
183,Collaborator 25,200,14,9,5,0,35.2081,4424380.332,0.278114774,0.708309925
184,Collaborator 25,300,14,9,5,0,25.5237,7216656.157,0.236214294,0.715620014
185,Collaborator 25,400,14,9,5,0,22.0073,11062075.52,0.246239568,0.646534356
186,Collaborator 25,500,14,9,5,0,19.8917,15622904.65,0.24497873,0.747626696
187,Collaborator 25,600,14,9,5,0,19.7422,22327902.17,0.252952714,0.749467957
188,Collaborator 25,700,14,9,5,0,19.5701,30125828.37,0.254020133,0.737112732
189,Collaborator 25,800,14,9,5,0,19.0158,38233534.45,0.255005648,0.72524352
190,Collaborator 25,900,14,9,5,0,18.5108,47104248.57,0.255362066,0.668601153
191,Armstrong ISRF 2,100,10,6,3,2,14.5393,456765.5807,0.420955137,0.559920059
192,Armstrong ISRF 2,1000,10,6,3,2,21.5733,67774520.79,0.179938772,0.541485104
193,Armstrong ISRF 2,200,10,6,3,2,11.407,1433445.896,0.25127989,0.442879002
194,Armstrong ISRF 2,300,10,6,3,2,16.173,4572808.019,0.251207297,0.39474701
195,Armstrong ISRF 2,400,10,6,3,2,18.8008,9450312.826,0.232492857,0.491376714
196,Armstrong ISRF 2,500,10,6,3,2,22.1585,17403245.2,0.247593762,0.605508825
197,Armstrong ISRF 2,600,10,6,3,2,23.5781,26666202.87,0.213071926,0.555994298
198,Armstrong ISRF 2,700,10,6,3,2,24.0199,36975763.28,0.206469428,0.55183635
199,Armstrong ISRF 2,800,10,6,3,2,23.7578,47767891.17,0.188994407,0.541955244
200,Armstrong ISRF 2,900,10,6,3,2,23.0195,58577492.59,0.183338705,0.543025177
201,Collaborator 25,100,18,10,9,1,57.6908,1812409.935,0.307934148,0.732686758
202,Collaborator 25,1000,18,10,9,1,22.8986,71938073.54,0.22255744,0.646623753
203,Collaborator 25,200,18,10,9,1,32.4567,4078629.211,0.256595998,0.734794316
204,Collaborator 25,300,18,10,9,1,25.3981,7181143.594,0.244995377,0.661203071
205,Collaborator 25,400,18,10,9,1,22.0252,11071073.04,0.260102792,0.641578262
206,Collaborator 25,500,18,10,9,1,22.1474,17394527.28,0.279319675,0.663771546
207,Collaborator 25,600,18,10,9,1,24.5205,27732032.16,0.244796177,0.688226139
208,Collaborator 25,700,18,10,9,1,26.4566,40726771.5,0.235091558,0.67838363
209,Collaborator 25,800,18,10,9,1,26.6498,53582602.18,0.226776138,0.670224721
210,Collaborator 25,900,18,10,9,1,24.9272,63431997.8,0.220960042,0.653525889
211,Collaborator 26,100,16,9,6,1,4.0912,128528.8386,0.765842697,0.517760708
212,Collaborator 26,1000,16,9,6,1,19.5046,61275508.07,0.290139315,0.529627822
213,Collaborator 26,200,16,9,6,1,2.2273,279890.7727,0.723496689,0.504522731
214,Collaborator 26,300,16,9,6,1,2.233,631365.8756,0.786788991,0.5012753
215,Collaborator 26,400,16,9,6,1,2.199,1105337.959,0.751251064,0.51639456
216,Collaborator 26,500,16,9,6,1,2.2805,1791100.512,0.561756098,0.271000486
217,Collaborator 26,600,16,9,6,1,5.0343,5693659.163,0.416036875,0.437916422
218,Collaborator 26,700,16,9,6,1,9.3686,14421839.22,0.348607966,0.457896755
219,Collaborator 26,800,16,9,6,1,13.9801,28108658.85,0.325477291,0.513480211
220,Collaborator 26,900,16,9,6,1,17.1088,43536593.12,0.30213976,0.541678332
221,Northeast ISRF 3,100,14,8,5,1,26.2731,825393.7795,0.467284125,0.491193914
222,Northeast ISRF 3,1000,14,8,5,1,14.9469,46957071.23,0.164041344,0.489490618
223,Northeast ISRF 3,200,14,8,5,1,14.0301,1763074.364,0.350648276,0.418219352
224,Northeast ISRF 3,300,14,8,5,1,13.0049,3677048.847,0.32924848,0.383950671
225,Northeast ISRF 3,400,14,8,5,1,14.866,7472466.622,0.304983421,0.402568678
226,Northeast ISRF 3,500,14,8,5,1,13.5934,10676231.39,0.241873503,0.575635836
227,Northeast ISRF 3,600,14,8,5,1,13.5649,15341540.47,0.163696701,0.380987518
228,Northeast ISRF 3,700,14,8,5,1,12.7602,19642801.78,0.176343168,0.385926861
229,Northeast ISRF 3,800,14,8,5,1,11.8122,23749837.28,0.179120061,0.38465327
230,Northeast ISRF 3,900,14,8,5,1,13.3659,34012072.73,0.164265579,0.477313221
231,Northeast ISRF 1,100,14,8,5,1,21.5581,677267.6859,0.448270327,0.705373962
232,Northeast ISRF 1,1000,14,8,5,1,13.7294,43132182.18,0.151552545,0.524594883
233,Northeast ISRF 1,200,14,8,5,1,10.6547,1338909.09,0.465706143,0.613386085
234,Northeast ISRF 1,300,14,8,5,1,10.4482,2954158.953,0.417774127,0.521919586
235,Northeast ISRF 1,400,14,8,5,1,11.0862,5572531.916,0.238483477,0.447439686
236,Northeast ISRF 1,500,14,8,5,1,13.8848,10905096.42,0.222641054,0.588177711
237,Northeast ISRF 1,600,14,8,5,1,12.7333,14401023.02,0.179801591,0.509361882
238,Northeast ISRF 1,700,14,8,5,1,13.6811,21060417.19,0.173682392,0.505262309
239,Northeast ISRF 1,800,14,8,5,1,13.8041,27754789.86,0.171770172,0.52516937
240,Northeast ISRF 1,900,14,8,5,1,13.4601,34251782.53,0.165287896,0.532647145
241,Collaborator 27,100,14,10,2,2,2.4734,77704.15269,1,0.794549035
242,Collaborator 27,1000,14,10,2,2,6.8247,21440427.38,0.329365264,0.431480261
243,Collaborator 27,200,14,10,2,2,5.2344,657774.1034,0.535842011,0.418115783
244,Collaborator 27,300,14,10,2,2,5.5709,1575134.866,0.456967821,0.487194538
245,Collaborator 27,400,14,10,2,2,6.7739,3404933.516,0.341681108,0.559628391
246,Collaborator 27,500,14,10,2,2,5.3183,4176983.052,0.366062062,0.52760125
247,Collaborator 27,600,14,10,2,2,3.8882,4397450.6,0.376257828,0.515128145
248,Collaborator 27,700,14,10,2,2,3.4701,5341803.927,0.355449232,0.531669601
249,Collaborator 27,800,14,10,2,2,4.4767,9000939.413,0.347070905,0.480827172
250,Collaborator 27,900,14,10,2,2,6.0157,15308091.93,0.343358474,0.406219704
251,Collaborator 28,100,14,8,5,1,49.292,1548553.851,0.372327666,0.477951368
252,Collaborator 28,1000,14,8,5,1,17.5717,55203123.63,0.209277247,0.325135468
253,Collaborator 28,200,14,8,5,1,36.5212,4589389.345,0.307981979,0.590939488
254,Collaborator 28,300,14,8,5,1,30.8265,8715987.534,0.232038001,0.509099981
255,Collaborator 28,400,14,8,5,1,24.8516,12491776.64,0.269409326,0.549917253
256,Collaborator 28,500,14,8,5,1,21.2789,16712408.98,0.267864301,0.502163806
257,Collaborator 28,600,14,8,5,1,18.9361,21416224.55,0.225453483,0.422343581
258,Collaborator 28,700,14,8,5,1,18.8254,28979451.79,0.244405366,0.42212674
259,Collaborator 28,800,14,8,5,1,18.6377,37473319.3,0.245251676,0.422207203
260,Collaborator 28,900,14,8,5,1,18.4188,46870137.08,0.230147516,0.38630007
261,Collaborator 29,100,15,10,3,2,23.1085,725974.9384,0.62016,0.47400881
262,Collaborator 29,1000,15,10,3,2,14.8021,46502168.62,0.384016765,0.396283117
263,Collaborator 29,200,15,10,3,2,15.0201,1887481.433,0.474496815,0.565606953
264,Collaborator 29,300,15,10,3,2,14.9236,4219548.491,0.440611961,0.53168015
265,Collaborator 29,400,15,10,3,2,13.5237,6797753.051,0.516135385,0.558942584
266,Collaborator 29,500,15,10,3,2,10.8873,8550865.424,0.48121882,0.482092364
267,Collaborator 29,600,15,10,3,2,13.2001,14928961.39,0.535358329,0.434043328
268,Collaborator 29,700,15,10,3,2,13.3613,20568123.34,0.534678733,0.500408427
269,Collaborator 29,800,15,10,3,2,13.3898,26921790.28,0.502019862,0.436483209
270,Collaborator 29,900,15,10,3,2,13.5733,34539841.45,0.467745344,0.389124815
271,Collaborator 1,100,14,8,7,0,13.8119,433913.6357,0.327225806,0.135417055
272,Collaborator 1,1000,14,8,7,0,8.7905,27616170.22,0.271222319,0.286214983
273,Collaborator 1,200,14,8,7,0,9.2284,1159674.946,0.214978723,0.086514298
274,Collaborator 1,300,14,8,7,0,8.4061,2376768.78,0.145052341,0.061141594
275,Collaborator 1,400,14,8,7,0,8.3776,4211041.058,0.130897408,0.061723778
276,Collaborator 1,500,14,8,7,0,9.9162,7788165.268,0.172899973,0.103652515
277,Collaborator 1,600,14,8,7,0,8.554,9674346.081,0.190967055,0.115800665
278,Collaborator 1,700,14,8,7,0,8.1357,12523937.12,0.233017667,0.208231976
279,Collaborator 1,800,14,8,7,0,8.1881,16463151.88,0.248156554,0.248729564
280,Collaborator 1,900,14,8,7,0,8.9895,22875491.2,0.275916927,0.292149458
281,Collaborator 31,100,13,9,6,1,3.2748,102880.8762,0.586926829,0.26053383
282,Collaborator 31,1000,13,9,6,1,5.6492,17747485.22,0.48093106,0.373945298
283,Collaborator 31,200,13,9,6,1,5.5444,696729.8523,0.523905626,0.455237408
284,Collaborator 31,300,13,9,6,1,3.9517,1117316.852,0.551777778,0.509009178
285,Collaborator 31,400,13,9,6,1,2.9388,1477201.998,0.535064307,0.539294588
286,Collaborator 31,500,13,9,6,1,2.6632,2091672.389,0.569286713,0.551696796
287,Collaborator 31,600,13,9,6,1,2.6594,3007710.541,0.569372549,0.509666119
288,Collaborator 31,700,13,9,6,1,2.4349,3748237.337,0.571043385,0.516441234
289,Collaborator 31,800,13,9,6,1,2.6328,5293558.489,0.456002897,0.360629845
290,Collaborator 31,900,13,9,6,1,4.2354,10777780.24,0.473557996,0.367757929
291,Collaborator 32,100,12,7,5,1,1.0835,34039.1564,0.681290323,0.717606068
292,Collaborator 32,1000,12,7,5,1,5.7023,17914303.79,0.357822185,0.507927288
293,Collaborator 32,200,12,7,5,1,3.5222,442612.7058,0.578670038,0.740415857
294,Collaborator 32,300,12,7,5,1,3.824,1081210.528,0.425271917,0.546273853
295,Collaborator 32,400,12,7,5,1,3.5194,1769043.39,0.409062643,0.539672509
296,Collaborator 32,500,12,7,5,1,5.4295,4264319.328,0.36149897,0.531084381
297,Collaborator 32,600,12,7,5,1,6.6273,7495299.718,0.314042182,0.536685311
298,Collaborator 32,700,12,7,5,1,5.217,8030947.548,0.319787022,0.529281714
299,Collaborator 32,800,12,7,5,1,4.2869,8619323.87,0.318980811,0.529297664
300,Collaborator 32,900,12,7,5,1,4.7375,12055469.11,0.367876489,0.491473927
301,Collaborator 33,100,11,9,2,1,0.97,30473.44874,0.218904459,0.009546721
302,Collaborator 33,1000,11,9,2,1,7.8127,24544320.92,0.386453392,0.444345474
303,Collaborator 33,200,11,9,2,1,0.2425,30473.44874,0.176695652,0.006912224
304,Collaborator 33,300,11,9,2,1,0.1078,30479.73193,0.135452055,0
305,Collaborator 33,400,11,9,2,1,0.9919,498583.3205,0.460075472,0.317842126
306,Collaborator 33,500,11,9,2,1,3.8911,3056062.794,0.534504673,0.38595229
307,Collaborator 33,600,11,9,2,1,7.3521,8315029.205,0.441324523,0.465959957
308,Collaborator 33,700,11,9,2,1,8.311,12793790.51,0.432417787,0.504331845
309,Collaborator 33,800,11,9,2,1,7.868,15819552.64,0.405833604,0.488558417
310,Collaborator 33,900,11,9,2,1,8.0533,20493152.37,0.379183524,0.462936823
311,Collaborator 34,100,13,9,3,1,0.0539,1693.31844,0.238588235,0.031109246
312,Collaborator 34,1000,13,9,3,1,5.496,17266193.22,0.343036965,0.337247298
313,Collaborator 34,200,13,9,3,1,0.0757,9512.742555,0.251764706,0.192690956
314,Collaborator 34,300,13,9,3,1,0.2077,58725.79147,0.472938967,0.158908412
315,Collaborator 34,400,13,9,3,1,3.8592,1939845.499,0.365818418,0.351185716
316,Collaborator 34,500,13,9,3,1,5.4219,4258350.302,0.369475616,0.439518363
317,Collaborator 34,600,13,9,3,1,5.1295,5801327.826,0.389470886,0.428267499
318,Collaborator 34,700,13,9,3,1,4.6817,7206917.22,0.360438596,0.382092446
319,Collaborator 34,800,13,9,3,1,4.8482,9747884.482,0.338511053,0.358225672
320,Collaborator 34,900,13,9,3,1,5.2437,13343591.21,0.333927928,0.335491804
321,McNay ISRF 1,100,15,11,4,0,42.5897,1337994.886,0.45733687,0.293176873
322,McNay ISRF 1,1000,15,11,4,0,53.1191,166878574.3,0.136860858,0.603529599
323,McNay ISRF 1,200,15,11,4,0,49.6454,6238624.957,0.263178491,0.385774448
324,McNay ISRF 1,300,15,11,4,0,47.1693,13336805.37,0.214075547,0.624465084
325,McNay ISRF 1,400,15,11,4,0,48.5241,24390872.97,0.211349705,0.566987207
326,McNay ISRF 1,500,15,11,4,0,50.7029,39821964.54,0.186100455,0.572276183
327,McNay ISRF 1,600,15,11,4,0,50.6481,57281651.6,0.168850307,0.584798912
328,McNay ISRF 1,700,15,11,4,0,50.4374,77642345,0.147438904,0.600127361
329,McNay ISRF 1,800,15,11,4,0,50.8899,102320215,0.141334518,0.582400307
330,McNay ISRF 1,900,15,11,4,0,51.117,130076921.3,0.13842016,0.590161517
331,McNay ISRF 2,100,12,9,3,0,38.6986,1215752.375,0.565548387,0.440545107
332,McNay ISRF 2,1000,12,9,3,0,50.5999,158964274.1,0.171986239,0.583886103
333,McNay ISRF 2,200,12,9,3,0,41.1663,5173109.826,0.275319696,0.490069833
334,McNay ISRF 2,300,12,9,3,0,39.3508,11126176.58,0.246935934,0.470518325
335,McNay ISRF 2,400,12,9,3,0,46.3498,23297950.59,0.260161924,0.495110954
336,McNay ISRF 2,500,12,9,3,0,47.7829,37528601.9,0.23002439,0.52807936
337,McNay ISRF 2,600,12,9,3,0,49.358,55822582.87,0.204253896,0.509305187
338,McNay ISRF 2,700,12,9,3,0,47.9373,73793740.06,0.201409671,0.52525821
339,McNay ISRF 2,800,12,9,3,0,49.0994,98720201.17,0.195695721,0.566033859
340,McNay ISRF 2,900,12,9,3,0,50.6427,128869974.8,0.16818138,0.565594422
341,Allee ISRF 2,100,10,4,6,0,1.1627,36527.29778,0.304,0.281851363
342,Allee ISRF 2,1000,10,4,6,0,10.1564,31907271.63,0.241634211,0.415926385
343,Allee ISRF 2,200,10,4,6,0,0.8459,106298.929,0.24096,0.269071258
344,Allee ISRF 2,300,10,4,6,0,0.4763,134670.6523,0.268170492,0.317433689
345,Allee ISRF 2,400,10,4,6,0,0.7201,361961.7392,0.279079057,0.204478339
346,Allee ISRF 2,500,10,4,6,0,2.6351,2069602.7,0.087854243,0.042930242
347,Allee ISRF 2,600,10,4,6,0,2.9231,3305948.215,0.100094187,0.048115597
348,Allee ISRF 2,700,10,4,6,0,3.7278,5738502.256,0.140110345,0.167896881
349,Allee ISRF 2,800,10,4,6,0,6.0009,12065525.35,0.183923892,0.446323507
350,Allee ISRF 2,900,10,4,6,0,9.2597,23563066.45,0.22253476,0.422213134
351,Collaborator 35,100,19,11,6,2,59.9255,1882615.106,0.263772114,0.560678212
352,Collaborator 35,1000,19,11,6,2,20.2882,63737260.07,0.17647034,0.7200708
353,Collaborator 35,200,19,11,6,2,39.0042,4901412.327,0.224392115,0.622492758
354,Collaborator 35,300,19,11,6,2,39.7566,11240913.82,0.243404864,0.665136426
355,Collaborator 35,400,19,11,6,2,34.4732,17328120.3,0.239630013,0.680318842
356,Collaborator 35,500,19,11,6,2,30.6203,24049127.38,0.212655421,0.714295079
357,Collaborator 35,600,19,11,6,2,27.2409,30808732.07,0.191864326,0.738793897
358,Collaborator 35,700,19,11,6,2,24.1192,37128623.75,0.181573001,0.742380949
359,Collaborator 35,800,19,11,6,2,23.1569,46559710.03,0.170850027,0.707049264
360,Collaborator 35,900,19,11,6,2,22.1099,56262842.52,0.17039317,0.723100807
361,Collaborator 36,100,12,8,4,1,15.7488,494763.1438,0.321311859,0.603174829
362,Collaborator 36,1000,12,8,4,1,9.0676,28486705.55,0.175665852,0.132542897
363,Collaborator 36,200,12,8,4,1,12.4058,1558958.806,0.311246983,0.226248094
364,Collaborator 36,300,12,8,4,1,12.8541,3634411.152,0.211040957,0.153860797
365,Collaborator 36,400,12,8,4,1,11.3371,5698648.012,0.161502552,0.132165941
366,Collaborator 36,500,12,8,4,1,10.4665,8220369.877,0.155721622,0.123550984
367,Collaborator 36,600,12,8,4,1,10.8388,12258394,0.185810946,0.128635001
368,Collaborator 36,700,12,8,4,1,11.3213,17427787.33,0.155266326,0.111672726
369,Collaborator 36,800,12,8,4,1,10.8229,21760731.6,0.171373935,0.130673561
370,Collaborator 36,900,12,8,4,1,9.6153,24467958.23,0.173664938,0.128154837
371,Collaborator 37,100,14,9,5,1,3.9528,124180.8744,0.515417476,0.509344212
372,Collaborator 37,1000,14,9,5,1,9.0631,28472568.38,0.325914051,0.358072837
373,Collaborator 37,200,14,9,5,1,1.6519,207583.8762,0.356649573,0.331664948
374,Collaborator 37,300,14,9,5,1,5.0578,1430059.259,0.622116746,0.43265565
375,Collaborator 37,400,14,9,5,1,5.4969,2763043.305,0.606665077,0.43810132
376,Collaborator 37,500,14,9,5,1,6.2932,4942667.722,0.486210571,0.404246959
377,Collaborator 37,600,14,9,5,1,8.7056,9845801.642,0.407001686,0.380985558
378,Collaborator 37,700,14,9,5,1,9.1034,14013595.54,0.363639927,0.299238197
379,Collaborator 37,800,14,9,5,1,9.5038,19108523.69,0.360945171,0.323646094
380,Collaborator 37,900,14,9,5,1,9.3845,23880643.77,0.323017397,0.341867832
381,Collaborator 2,100,14,7,5,2,18.9956,596764.3741,0.470693878,0.372204794
382,Collaborator 2,1000,14,7,5,2,20.1656,63352100.82,0.244342868,0.586787518
383,Collaborator 2,200,14,7,5,2,12.7328,1600050.838,0.349632653,0.336895314
384,Collaborator 2,300,14,7,5,2,8.7813,2482854.081,0.320269758,0.339590541
385,Collaborator 2,400,14,7,5,2,7.7819,3911609.579,0.293443715,0.402004748
386,Collaborator 2,500,14,7,5,2,7.1485,5614418.771,0.276342613,0.461984156
387,Collaborator 2,600,14,7,5,2,6.2969,7121626.121,0.26354658,0.49949313
388,Collaborator 2,700,14,7,5,2,7.719,11882477.31,0.223540725,0.583502789
389,Collaborator 2,800,14,7,5,2,11.9863,24099886.1,0.262353824,0.632906002
390,Collaborator 2,900,14,7,5,2,17.1949,43755690.93,0.263833226,0.60573074
391,Collaborator 38,100,17,9,6,2,7.4226,233187.8563,0.907739645,0.730251282
392,Collaborator 38,1000,17,9,6,2,12.3465,38787673.7,0.238029655,0.539391151
393,Collaborator 38,200,17,9,6,2,12.3191,1548063.762,0.375033816,0.635302561
394,Collaborator 38,300,17,9,6,2,14.3672,4062230.098,0.349748344,0.541517203
395,Collaborator 38,400,17,9,6,2,19.462,9782668.196,0.226844144,0.508830785
396,Collaborator 38,500,17,9,6,2,19.8457,15586776.33,0.249457159,0.498603298
397,Collaborator 38,600,17,9,6,2,16.8008,19001257.15,0.2520707,0.510092695
398,Collaborator 38,700,17,9,6,2,15.3057,23561294.59,0.240869764,0.511823405
399,Collaborator 38,800,17,9,6,2,13.849,27845066.66,0.237296166,0.541106214
400,Collaborator 38,900,17,9,6,2,12.7294,32392377.51,0.232958283,0.53408555
401,Collaborator 3,100,16,7,8,1,73.6108,2312551.485,0.418625508,0.521171624
402,Collaborator 3,1000,16,7,8,1,20.2361,63573583.1,0.218407572,0.614210258
403,Collaborator 3,200,16,7,8,1,64.1953,8067019.315,0.326359408,0.564069138
404,Collaborator 3,300,16,7,8,1,40.3912,11420342.75,0.32525617,0.537747158
405,Collaborator 3,400,16,7,8,1,31.2228,15694291.06,0.271559832,0.651810242
406,Collaborator 3,500,16,7,8,1,28.0412,22023506.98,0.26214428,0.639351488
407,Collaborator 3,600,16,7,8,1,24.0613,27212689.19,0.24642867,0.632681814
408,Collaborator 3,700,16,7,8,1,21.0692,32433513.53,0.23684188,0.62673568
409,Collaborator 3,800,16,7,8,1,19.3916,38989125.18,0.210968984,0.590191186
410,Collaborator 3,900,16,7,8,1,19.7425,50238543.3,0.219587251,0.603533858
411,Collaborator 4,100,20,11,8,1,51.2996,1611624.465,0.360109589,0.736156135
412,Collaborator 4,1000,20,11,8,1,18.0652,56753499.61,0.266878944,0.376758711
413,Collaborator 4,200,20,11,8,1,42.0059,5278617.074,0.410299678,0.525019502
414,Collaborator 4,300,20,11,8,1,27.8282,7868238.181,0.379438277,0.504165007
415,Collaborator 4,400,20,11,8,1,19.2265,9664292.985,0.358243147,0.461771761
416,Collaborator 4,500,20,11,8,1,16.004,12569512.21,0.320830189,0.414888542
417,Collaborator 4,600,20,11,8,1,16.7192,18908969.72,0.279299712,0.421344749
418,Collaborator 4,700,20,11,8,1,17.9125,27574151.42,0.267142809,0.36724271
419,Collaborator 4,800,20,11,8,1,18.4758,37147800.03,0.251486156,0.329247328
420,Collaborator 4,900,20,11,8,1,17.8803,45499821.49,0.252660227,0.361341688
421,Collaborator 5,100,20,11,7,2,25.7239,808140.1526,0.304381316,0.556333336
422,Collaborator 5,1000,20,11,7,2,25.4694,80014479.93,0.196068115,0.70167331
423,Collaborator 5,200,20,11,7,2,18.9019,2375282.807,0.258042324,0.469095509
424,Collaborator 5,300,20,11,7,2,19.7959,5597158.861,0.270650602,0.543077886
425,Collaborator 5,400,20,11,7,2,23.2978,11710751.57,0.267832266,0.526231469
426,Collaborator 5,500,20,11,7,2,26.6861,20959213.93,0.288366624,0.50736982
427,Collaborator 5,600,20,11,7,2,28.3424,32054499.23,0.26677424,0.508923058
428,Collaborator 5,700,20,11,7,2,26.9512,41488149.04,0.262215636,0.49671381
429,Collaborator 5,800,20,11,7,2,24.9979,50261260.16,0.201950225,0.703423651
430,Collaborator 5,900,20,11,7,2,25.0012,63620304.86,0.199310773,0.697348515
431,Collaborator 6,100,12,7,5,0,14.0957,442829.4757,0.512806299,0.33307571
432,Collaborator 6,1000,12,7,5,0,7.191,22591192.77,0.199243302,0.442001313
433,Collaborator 6,200,12,7,5,0,11.6694,1466420.052,0.429608343,0.31156673
434,Collaborator 6,300,12,7,5,0,12.5584,3550803.946,0.251802751,0.395616751
435,Collaborator 6,400,12,7,5,0,11.6124,5837028.885,0.25320837,0.384847111
436,Collaborator 6,500,12,7,5,0,9.7353,7646086.74,0.242701847,0.34666798
437,Collaborator 6,600,12,7,5,0,8.1789,9250117.976,0.242431629,0.333780551
438,Collaborator 6,700,12,7,5,0,7.3917,11378638.1,0.19810221,0.402125505
439,Collaborator 6,800,12,7,5,0,6.8295,13731524.5,0.195712259,0.412254826
440,Collaborator 6,900,12,7,5,0,7.3515,18707288.9,0.201840359,0.430870946
